900	зөвлөлдөх
901	эзэн хааны ордон
902	сайн сайхан эдийн засаг
903	үйлдвэрийн аж ахуй
904	уул уурхай
905	өндөрлөг
906	ээлжлэн
907	гялалзан
908	археологи
909	ажил, бүтээн байгуулалт
910	тариалалт
911	уурхай
912	сургалт
913	аман мэдэгдэл
914	хасалт, татаас
915	хэлэлцээр
916	дээд зэргийн
917	дээшлэх
918	жагсаал
919	амтлагч
920	хур тунадас
921	үер
922	нийлэгжилт
923	нээлттэй
924	эсэргүүцэл
925	төлөвлөгөө
926	хязгаарлалт
927	ухрах
928	гялбаа
929	нийтийн корпораци
930	сайн явцтай
931	аман
932	уншлага
933	захиалга
934	худалдан авах
935	албан ёсны зөвшөөрөл
936	халаалтын зардал
937	сүйрэл
938	худалдан авалт
939	алдартай
940	тараах
941	бууж өгөх
942	догдлол
943	нийтийн санал
944	гайхамшигтай
945	нийтийн хэрэгцээ
946	жижиглэн
947	төрийн
948	үр ашиг
949	хамгаалах
950	булан
951	жижиг бие
952	чек
953	жийх
954	үг хэллэг
955	дотоодын бүтээгдэхүүн
956	улсын тогтоосон
957	нутаг
958	бүтэн тунхаглал
959	үндэсний хамгаалалт
960	төрийн өмч
961	диваажин
962	НҮБ
963	бор
964	үгийн гарал
965	бүрийг
966	тус бүр
967	мэдрэмж
968	хөлдөх
969	хөлдөх
970	мэдлэг
971	зорилго
972	санаж байх
973	хүсэл
974	зорих
975	итгэл төрүүлэгч
976	ганцаардсан
977	оролдлого
978	турших
979	таатай
980	алдаа
981	байна (хүндэтгэлтэй)
982	өнчин
983	будилах
984	нас барсан
985	мөчир
986	хувь хүн
987	иргэний бүртгэл
988	бяцхан мөнгө
989	хатуу бие
990	эрт дээр үе
991	тэвчих
992	котацу
993	сүүрэх
994	хэтрүүлэлт
995	мэргэжлийн ур
996	инээдтэй
997	улс хоорондын харилцаа
998	эрт дээрийн эд
999	бэхжүүлэх
1000	бүр
1001	асуудал
1002	тусгаарлагдсан
1003	бүгдийг
1004	сонсгол
1005	тэр ялангуяа
1006	юунаас шалтгаалж
1007	нурсан
1008	таалагдах
1009	го-ний хавтан
1010	тусгай
1011	сурталчилгаа
1012	хуурах
1013	нарийн
1014	харилцаа
1015	олон хүн
1016	хийх
1017	тайлбар
1018	тусгаарлагдах
1019	өвөрмөц
1020	ажилд авах
1021	хуанли
1022	харна уу
1023	тусгаарлах
1024	цочих
1025	сүнс
1026	тэсвэр
1027	үндэслэл
1028	холимог угсаа
1029	холбоо
1030	шавьж
1031	үндэс
1032	тэмцээн
1033	холилдох
1034	ялгаа
1035	хяналт
1036	луужин
1037	үндсэн
1038	ялгаа
1039	дахин
1040	насны
1041	баялаг
1042	дахин уулзах
1043	гамшиг
1044	бактери
1045	засал
1046	олборлолт
1047	мөчлөг
1048	санал хураалт
1049	сэргээн босгох
1050	дахин үйлдэх
1051	санхүүгийн эх үүсвэр
1052	нөөц
1053	ашиг
1054	цуглуулах
1055	хэмжээ
1056	дахин тоглуулах
1057	санхүү
1058	хамгийн сайн
1059	сонгох
1060	ургуулах
1061	дахин давтагдах
1062	эс
1063	сонгох
1064	саатуулах
1065	жиргэх
1066	тодорхой
1067	шүүр
1068	цэцэглэх
1069	ялгаа
1070	аяга
1071	толгой доош
1072	хүчирхэг
1073	залилан
1074	урьд нь
1075	бүтээл
1076	хашлага
1077	төлөвлөгөө
1078	бууруулах
1079	алдаа
1080	байлдааны ажиллагаа
1081	хөдөө аж ахуйн
1082	хашгирах
1083	хаграх
1084	өргөх
1085	бага зүйл
1086	ойртох
1087	заавар
1088	илгээх
1089	саатах
1090	хасах
1091	өгөх
1092	үнэхээр
1093	тогтох
1094	тогтоох
1095	ярилцлагын хурал
1096	ном
1097	хуурай
1098	бараа бүтээгдэхүүн
1099	хуурмаг
1100	хүн амины хэрэг
1101	мэдрэх
1102	хэрэггүй яриа
1103	хурдан
1104	мод
1105	ухаарах
1106	шүүх
1107	координат
1108	тийм ч их биш
1109	төөрөх
1110	хүндэтгэлтэй
1111	самурай
1112	ч гэсэн
1113	үйлчлэл
1114	хулгайлах
1115	саадлах
1116	ноён
1117	хүчил
1118	исэлдэлт
1119	уулс
1120	дээд зөвлөл
1121	баярлалаа
1122	төрөх чөлөө
1123	үлдэгдэл мөнгө
1124	төрөлтийн дараа
1125	харгис
1126	гаргах
1127	лавлах
1128	очих
1129	дансны үлдэгдэл
1130	Гэгээн Николас
1131	мост
1132	магтаал
1133	уулын эрэг
1134	төрсний эмнэлэг
1135	бүтээгдэхүүн
1136	уулс
1137	үхэл
1138	дараа
1139	бүрэн болох
1140	цэгцлэх
1141	бүтээх
1142	үржүүлэх
1143	хүчээр
1144	суудал
1145	өмд
1146	албадах
1147	нөөцлөх
1148	шүдний эмнэлэг
1149	бие
1150	хотын бүс
1151	харааны
1152	эрх
1153	өөрийгөө ухамсарлах
1154	хүүрнэх
1155	тохируулах
1156	гэвч
1157	газар
1158	захиалга
1159	зохион байгуулалт
1160	соронзон
1161	өнгө
1162	ёслолын өрөө
1163	ёс заншил
1164	бизнес
1165	тасалдуулах
1166	санхүү
1167	тэнхлэг
1168	бүтэлгүйтэх
1169	зохион байгуулалт
1170	цаазаар авах
1171	чийгшилтэй
1172	өөрөө
1173	зорилго
1174	бодол
1175	хэрэгжүүлэх
1176	амт
1177	нөхцөл
1178	тамын
1179	цагийн хуваарь
1180	цагийн ялгаа
1181	сайн дураараа
1182	судалгаа
1183	эд хөрөнгө
1184	заавар
1185	дэмжлэг
1186	бие даасан
1187	өөрөө захирагдах
1188	хатгамал
1189	огцрох
1190	итгэлтэй байдал
1191	дусал
1192	систем
1193	живүүлэх
1194	байгууламж
1195	урьдчилан
1196	хүү
1197	тууштай
1198	өөртөө хайраа
1199	үсгийн хэв
