300	халдах, дайрах
301	гэмт хэрэг үйлдэх, алдах
302	хулгайч, шуналтай
303	хойшлуулах, удаашруулах
304	хоцрогдол, саатал
305	хүндээр, цөөн
306	үйлдэл, зан байдал
307	бардам байх
308	дарга, ахмад
309	намжих, тайвширах
310	олж авах, хүлээн авах
311	төлөх, эв найрамдал
312	төрөлт
313	сургаал, заавар
314	түлхэн оруулах
315	хэмнэх, үнэлэх
316	түлхэн татах
317	эр (амьтан)
318	магтаал, магтаалын үг
319	дайрах, хүчирхийлэх
320	хамгийн хожуудаа
321	айдас, аймшиг
322	ичих, гайхах
323	хөхүүлэх, сэдээх
324	сэтгэл гутрах
325	тайван байдал
326	намар навчис
327	сайхан, гоё
328	элч ажил
329	айдсын, аймшигтай
330	гар хөшөө, арга ядсан
331	дүү (эрэгтэй)
332	хөдөлж эргэлдэх
333	сүрдүүлэх
334	зочлох
335	охин, бүсгүй
336	дагалдагч
337	сулрах, доройтох
338	гайхшрал
339	ижил нас
340	охин, эмэгтэй
341	мөн чанараараа
342	айх, сэтгэл зовох
343	олон тоо, их
344	үүрэх, зүүх
345	дурсамж, мэдрэмж
346	хямдрал, бэлэг
347	шинтоины сүм
348	хүүхдийн даашинз
349	санаа, бодол
350	нүүр, царай
351	голлох, гол
352	утга, учир
353	очих
354	хүндэтгэх
355	хүндэтгэх
356	болон, мөн
357	хүрэх
358	нэхэх, даавуу
359	торго, шилбэ
360	оруулга, чиглүүлэлт
361	буцах, хатгах
362	нэхмэл
363	нэхэх
364	би (бардам)
365	жүржийн
366	тэнэг, мунхаг
367	хайхрамжгүй
368	онлайн
369	дулаан, зөөлөн
370	хэлтэс, ангилал
371	хивс
372	доод зэрэг
373	давхар
374	гудамж
375	муудсан өөрчлөлт
376	далайн тээвэр
377	гадаад валют
378	шинэчлэл
379	далайн хясаа
380	гадаад үзэмж
381	анги, зэрэглэл
382	далайн хоолой
383	ярилцлага
384	асаргаа
385	нээлт, зохион байгуулалт
386	цуглуулах, сэргээх
387	засвар
388	мангас
389	хүчингүй болгох
390	гадаад сайд
391	хохироох
392	товч тайлбар
393	дахин илгээх
394	давхарга, түвшин
395	цөлийн хөгжүүлэлт
396	уулзалт, яриа
397	шинэчлэх
398	засах
399	жолооч, гид
400	амын зам
401	гудамжинд
402	холбогдох
403	гарын ном
404	оролцох
405	ухагдахуун
406	хөгжүүлэлт
407	далайн түвшин
408	асарч халамжлах
409	шинжилгээ
410	гадны, амбулатори
411	тараах
412	товч тойм
413	далайн урсгал
414	сайжруулах
415	хэлхээ
416	далайн зам
417	эргэн харах
418	өөрийгөө шүүх
419	буцах
420	царай зүс
421	хичээлээс гадуур
422	дээш өргөх
423	өсгий
424	бичиж авах
425	хутгах
426	сайхан өгүүлбэр
427	цохилт
428	хэм хэмжээ
429	цөм
430	өнцөг
431	дутуу байх
432	сурлага, урлаг
433	ялгаа
434	тархалт
435	бакалавр
436	төрөл бүрийн
437	хоёр долоо хоног тутам
438	итгэл
439	шинэчлэл
440	онол
441	тодорхойлох
442	коктейль
443	олж авах
444	ноот
445	баталгаа
446	хувьсгал
447	бэхжүүлэх
448	боловсролын түүх
449	зээл
450	мөрийтэй тоглоом
451	хад
452	гүйх
453	айлын эдийн засаг
454	сар
455	гүйлт
456	гүйх
457	бооцоо тавих
458	боловсруулах
459	химийн нэгдэл
460	салхин тээрэм
461	жин багадах
462	нэмэгдэх
463	сайхан, гоёмсог
464	газар, хэсэг
465	түлэлт
466	жагсаалт
467	бүдэгхэн
468	бүдэгрэх
469	хувирах
470	арчих
471	ангараг
472	чулуужсан
473	химийн ороомог
474	гол мөрөн
475	хомсдол
476	илүүдэл
477	хэцүү
478	сэдэв
479	нэг талын хайр
480	дайсан
481	сүнс, зан чанар
482	ярианы
483	цэгцлэх
484	хазайлгах
485	хатуурах
486	хазайх
487	хажуу тал
488	цэцэрлэг
489	уран сайхан
490	мал
491	ба, мөн
492	цаг үеэ гаргасан
493	сөнөх
494	хамтын дуулах
495	бат бөх
496	нийцэх
497	хатуу
498	урьд
499	зураг
500	идэвхтэй
501	огноо
502	нэгдэл
503	ангилал
504	хаалга
505	биелэх
506	биелүүлэх
507	алх
508	нэгдэх
509	зөгнөл
510	зэрэг
511	хонох
512	чимэглэл
513	хувьцаа
514	дасах
515	цэцгийн тоос
516	мөнгө
517	бүтэц
518	бэлтгэх
519	амтлагч
520	хазаж таслах
521	хэт нягт
522	эргэн ирэх
523	ваар сав
524	камерын оператор
525	будаагаар хийсэн шөл
526	бие галбир
527	ороох
528	зээлэгч
529	түр
530	зээл
531	мэдрэх
532	эмнэлгийн карт
533	гараж
534	хатаах
535	хэт ачаалал
536	бараг
537	тал
538	солилцох, зугтах
539	ээлжлэн
540	хоолой
541	харагдац
542	ордон
543	хорт хавдар
544	хялбар
545	нүдний эмч
546	сэтгэл хөдлөл
547	хүйтэн
548	нүдний алим
549	нүдний шил
550	товч
551	буцаалт
552	хятад үг
553	асрал
554	хатуу зөрүүд
555	хэвлэн нийтлэх
556	заншил
557	зөвлөгөө
558	хөрвүүлэх
559	ажиглалт
560	ёс заншил
561	үзэгчид
562	өргөдөл
563	хөндлөнгөөс оролцох
564	бат бөх
565	мэдрэмж
566	гол, чухал
567	баяр хөөр
568	гаалийн татвар
569	чулуу
570	гол шугам
571	халдварлах
572	энгийн
573	үзэл бодол
574	мэдрэмж
575	хуулах
576	анхны жил
577	удирдлагын гишүүд
578	төгс
579	уучлах
580	мэдрэмж
581	урих
582	оролцох
583	өршөөл
584	ердийн
585	анхнаасаа
586	үзэх
587	төрийн албан
588	уламжлал
589	60 насны ой
590	эрхэм байдал
591	хөнгөрүүлэх
592	хугацаа
593	цэвэр
594	хуулийн төсөл
595	хохирол
596	төлөвлөгөө
597	стандарт
598	хувцаслах
599	бусдын хүндлэл
