0	аа! (гайхсан дуу)
1	хамтдаа, харилцан
2	сэргэлэн байдал, эелдэг
3	хайр ба дургүйцэл
4	эсрэг, харьцуулах
5	хамаарал, харилцаа
6	завсарлага
7	зүрхлэх, тэр ч байтугай
8	дээш харах, хүндлэх
9	дэд анги
10	шороо, бохирдол
11	нотолгоо, баталгаа
12	алдагдал, улаан дэвтэр
13	өнгөрүүлэх
14	улайх
15	дээш өгсөлт, орлого
16	сул зай, түрээслэх
17	бууж өгөх, гомдох
18	хорон муу, муу
19	хурдасгуур
20	дургүй, хэтрүүлсэн
21	муу өдөр
22	дараагийн
23	эрүү
24	хүслэн, мөрөөдөл
25	олс, арвай
26	хэсэг, тосгон
27	хэт унтах
28	муухай, харгис
29	залилах, хуурах
30	тод, гоёмсог
31	доог тохуурлах
32	амтын мэдрэмж
33	зүүн, Зүүн Япон
34	яаруулах, санаа зовох
35	үнэ цэнэ
36	тохирох, зохистой
37	би (эмэгтэй)
38	амжилт, тохиолдол
39	муудах
40	харьцаа, зохицуулалт
41	тэр бүр биш
42	доог тохуурлах
43	амархан, хурдан
44	дарамт, шахалт
45	дээш
46	захиалах
47	дарамт, даралт
48	хаягаар
49	зорилго, онилох
50	орчуулга
51	хаягаар илгээх
52	залгамжлагч
53	хойшлуулах
54	газрын зураг, зураг
55	гольф
56	эсрэг, урвуу
57	эелдэг хандах
58	бороо хамгаалах
59	сүүн амттай
60	аматер
61	тэнгэрийн
62	тор, сүлжээ
63	удирдах, ажиллуулах
64	айх, эргэлзэх
65	тодорхойгүй
66	алдаа, буруу
67	алдах
68	алхалт
69	алхах
70	аан, өө
71	урьдчилан
72	сүйтгэх
73	маргаан
74	шинэчлэгдэх
75	бүдүүлэг, харгис
76	араб
77	будааны жигнэмэг
78	байдал, нөхцөл
79	яг бодит байдал
80	шүлтлэг
81	хөнгөн цагаан
82	цаг
83	холбох
84	холбоо
85	асуулга
86	дахин дуудах
87	аллага
88	оюуны тооцоо
89	дохио, санамж
90	санаа зовох
91	амгалан тайван
92	яг л шиг
93	ямар ч байсан
94	хэрэглэх, шалтгаан
95	Есүс, тийм
96	гэрээс зугтах
97	амилуулах
98	аянга
99	яаж
100	яг мөн
101	уур
102	уурлах
103	дэгжин
104	эсэргүүцэл
105	бүс нутгийн гадна
106	хүсэл эрмэлзэл
107	нөхцөл байдал
108	буруу ойлголт
109	дайн
110	дайн
111	хүмүүжүүлэх
112	олон, тоолшгүй
113	цэцэг зохион байгуулах
114	эсрэг санал
115	хүсэл, санаа
116	шилжилт
117	гэнэт
118	зан, сэтгэл
119	дурсгалын чулуу
120	нүүх, суурьших
121	хувцас, дүр
122	хөдөлгөх
123	эсрэг хүйс
124	түүхийн дурсгал
125	хэвээр, хэвийн
126	хамааралтай
127	итгэлцэл
128	дээд, толгой
129	маш их
130	өвдөх
131	гэмтээх
132	шарах
133	өрөвдөх
134	ерөнхийдөө
135	анх харахад
136	тогтмол
137	онцгой
138	бүгд
139	хуваарилалт
140	хэсэг
141	салах
142	нэг тал
143	нэг харцаар
144	жигд байдал
145	нэгэн жигд
146	цуврал
147	нэг дор
148	уухай (аман найр)
149	нэг дор
150	бүгд
151	нэг сэтгэл
152	яах вэ
153	нутаг, бүс
154	нэг ялагдал
155	огцом өөрчлөлт
156	бодол, зорилго
157	хөдөлгөөн
158	хийх, явуулах
159	цаг, сул цаг
160	зоригтой сорилт
161	үгүй
162	аянгын гэрэл
163	эртний
164	залбирал
165	архирах
166	одоо
167	одоо ч
168	цагаачлал
169	дураараа
170	доромжилсон
171	маш их
172	муухай
173	сонирхол
174	хувцас
175	хүч
176	орох
177	хувцас
178	эсрэг санал
179	тамга
180	гишүүн
181	тамга
182	гунигтай
183	тэтгэвэрт гарах
184	хөөх
185	олон улсын
186	интерфон
187	интеллигент
188	мэдээлэл
189	инфляци
190	туулай жил
191	зөөгч охин
192	дээд доод
193	хоолой зайлах
194	шалгалтанд тэнцэх
195	хүлээн авах
196	хүлээн авах
197	залгамжлах
198	хүлээн авах
199	барих, тэсвэрлэх
200	сүүлийн хүлээн авах
201	хөдөлгөөн
202	овог
203	далай
204	эргэлт
205	булагдах
206	худалч
207	уулзах
208	зогсоох
209	үгүйсгэл
210	шуурхай
211	сэнж
212	задаргаа
213	хуулбар
214	шүүх ажиллагаа
215	уйтгар
216	хоосон
217	сав
218	ур чадвар
219	бороотой цаг агаар
220	түлхэх
221	зөвлөх
222	төрөлхийн
223	төрүүлэх
224	дотор булах
225	дарсан гуа (умэбоши)
226	төгсгөл
227	урвуу
228	хямдрал
229	худалдаанд гаргах
230	чийгшүүлэх
231	чанга
232	хайхрамжгүй
233	дээд
234	давах
235	ургах
236	удирдлага
237	уйтгартай
238	тээвэрлэлт
239	тээвэр зардал
240	болон бусад
241	тээвэрлэх
242	хувь тавилан
243	тээвэр
244	ашиглах
245	мэдрэмж
246	давхар
247	агаарын шуудан
248	дандан
249	англи үсэг
250	кино зургийн тусгал
251	эрүүл ахуй
252	дүрс
253	баатар
254	шингэн
255	дайн
256	үзэх
257	ан агнуур
258	хүзүүвч
259	элегант
260	цэцэрлэг
261	холбоо
262	сэтгэл татах
263	давс
264	гөлгөр, найрсаг
265	дэнж
266	эргийн
267	үг нийлүүлэх
268	инженер
269	дадлага
270	бүтээл, найруулах
271	жүжиглэх
272	жүжиглэх
273	төмөр замын дагуу
274	гэрлэх санал
275	хол газар
276	эв найрамдал
277	сүүл
278	зээ хүү
279	дарах
280	хөөх
281	хаана
282	хөгширөх
283	үүрэх, өртэх
284	яаралтай
285	алт
286	анкет, өргөдөл
287	өө, хөөе
288	ихэнх
289	том биетэй
290	за
291	хэтрүүлсэн
292	том асуудал
293	гол санаа
294	тэнгэр
295	автомат
296	том хэмжээтэй
297	нээлттэй
298	үерийн ус
299	олон нийт
