600	хөнгөн, сэтгэл дэвшүүлсэн
601	эрхтэн, хэрэгсэл
602	улирал тутам
603	хямрал
604	сонсгол ойлгох
605	үр нөлөө
606	Токио руу буцах
607	жүжгийн зохиол
608	сан, санхүүжилт
609	инээдмийн жүжиг
610	санал шийдвэр
611	санал өгөхөөс татгалзах
612	гарал үүсэл
613	бүтэц, систем
614	гэрлэсэн
615	ухаан алдах, бардам
616	бичилт, оруулалт
617	шинж тэмдэг
618	хугацаа, тогтоосон өдөр
619	парламентын барилга
620	дуугарах, чичрэх
621	дүрслэл, тодорхойлолт
622	цаг агаар
623	сондгой тоо
624	барих, хуримтлуулах
625	гомдох, шархлах
626	хязгаарлалт
627	золиослол
628	уурын хөлөг
629	бэлэг барих
630	хуурамчаар хийх
631	язгууртан
632	хэлэлцэх асуудал
633	сургах, хүчтэй болгох
634	зан төлөв
635	ирэх
636	цэгцтэй
637	нарийн, цэвэрхэн
638	яг таг
639	цайны газар
640	яг таг
641	тодорхой, шийдэмгий
642	журам, зохицуулалт
643	эхлэл цэг
644	тойрог зам, төмөр зам
645	ур чадвар
646	анхны, эхний
647	хэм хэмжээ
648	мэдрэмж, сэтгэл
649	сэтгэл, зан чанар
650	өндөр доод
651	хэмжээ
652	сэтгэл санаа
653	хэтэрхий чин
654	улирлын төгсгөл
655	ичих
656	нэрээр бүртгэх
657	дүрэм журам
658	жүжигчилсэн хувилбар
659	эсрэгээр болох
660	жүжгийн зохиол
661	объектив
662	барих
663	карьер
664	аврах, туслах
665	сургуулиас түр чөлөөлөх
666	эцсийн
667	ихээр хүчтэй
668	сонгино
669	аврал
670	зөөгч
671	сургуулийн хоол
672	зэвсэгт бие
673	хуучин танил
674	ордон
675	ядуурал
676	толгод
677	хувь нэмэр
678	мөр, эгнээ
679	гайхал
680	багш нарын
681	хичээл
682	нийгэмлэг
683	хамтын сургалт
684	өрөвдөх
685	хэлэлцээ
686	орчин, байдал
687	сургамж
688	хатуу
689	хүчээр
690	сургалтын материал
691	муу ургац
692	коммунизм
693	худалдагч
694	хүлээн авах
695	сургалт
696	нутгийн санаа
697	багшийн мэргэжил
698	зугаалах
699	албадлага
700	засаглал
701	амжилт гүйцэтгэл
702	хамтран оршин
703	хамтын ажиллагаа
704	гэрээ
705	сүрдүүлэх
706	ажил, үйл ажиллагаа
707	хэлзэлт, нөлөөлөл
708	нутаг
709	хүчтэй, огцом
710	бүгд найрамдах
711	хөгжим, аялгуу
712	хаан (шатар)
713	хязгаарлах
714	хэт, туйлын
715	оршин суух
716	татгалзах
717	загасны хөлөг
718	загасчдын тосгон
719	татгалзах
720	зөвшөөрөх
721	цэвэрхэн
722	зай, хол
723	амар, тайван
724	гялалзсан
725	паулония мод
726	төгсгөл
727	ёс зүй, үүрэг
728	солих
729	агаарын урсгал
730	тасрах цэг
731	ирмэг
732	эргэлзээ
733	маш их
734	хэт ойрын хараа
735	яаралтай
736	тэнцвэр
737	хотын захын
738	хэт ойрын харааны
739	хориглох
740	хориглох
741	хөдөлмөрч
742	сайтар шалгах
743	алба, ажил
744	хориг
745	хөдөлмөр
746	дүүрэг
747	асуулт хариулт
748	зөрчилдөх
749	өлсгөлөн
750	хэсэг
751	хэсэг, зам
752	иш
753	төгсгөл зогсолт
754	нэвтрэх
755	олон янзын
756	өнгөрсөн явдал
757	сугалаа
758	хилэгнүүлэх
759	жишээ
760	гомдол
761	дуугарах
762	хошуу
763	муудах
764	эргүүлэх
765	тод
766	хугарал
767	догшин
768	хүзүүний гоёл
769	хүзүүвч
770	хослуулах
771	оруулах
772	агуулах
773	орчим
774	клуб
775	график
776	зовоох
777	хөх саарал
778	кран
779	мэргэжилтэн
780	ашигтай
781	бүлэг
782	дайны хөлөг
783	цэргийн
784	хаан
785	олон түмэн
786	зэвсэг
787	цэргийн хувцас
788	ял
789	систем
790	явц
791	сэрэмжлүүлэх
792	хөнгөн
793	боломж
794	хэмжүүр
795	хүндэтгэлтэй
796	бууруулах
797	нийтлэх
798	налуу
799	байдал
800	бүтээх
801	хөнгөмсөг
802	хэлбэр
803	авч явах
804	ял шийтгэл
805	зардал
806	цагдаагийн ахлагч
807	дорлох
808	намтар
809	зам
810	бохирдуулах
811	бузар
812	бохирдол
813	театрын хамтлаг
814	урам зориг
815	зочин
816	араатан
817	сайн, онцгой
818	шийдвэр
819	сүрьеэ
820	цус судас
821	шийдвэр
822	хэрэгжүүлэх
823	нэгдэл
824	санхүүгийн тайлан
825	сарын төлбөр
826	шийдвэрлэх тэмцээн
827	болор
828	бүрэлдэх
829	нэгдэл
830	сульдах
831	шийдэмгий
832	сарын хуваалт
833	дутагдал
834	өшиглөх
835	муулах
836	утаатай
837	утаа гарах
838	хэрэг хүн
839	суулгах
840	хаан
841	тойрог
842	эрх
843	анхны
844	эрх мэдэл
845	хоёр талын ажил
846	анхны хэлбэр
847	эрх мэдэл
848	одоогийн
849	эрүүл
850	анхны бүтээл
851	прокурор
852	атом
853	төрийн тэргүүн
854	анхны бичиг
855	шагнал зарлах
856	багасах
857	эрүүл
858	элемент
859	хөгжүүлэх
860	зарчим
861	үзэл
862	орон нутаг
863	хязгаарлах
864	анхны бичвэр
865	эх цэг
866	хасах
867	атом бөмбөг
868	эх бичвэр
869	нарийн
870	мэргэн
871	хэмнэлт
872	түүхий тос
873	хоёр зорилгын
874	эрх мэдэл
875	хэлэлцүүлэг
876	ширхэг
877	айлын тоо
878	нас барсан
879	хүүхэд
880	хүндэтгэлтэй
881	үг сан
882	дурлах
883	сургууль
884	сая сая сая
885	карма
886	дугаар
887	хөндий
888	сайн санаа
889	үйлдэл
890	зөвшөөрөл
891	банкны ажилтан
892	худалдаа
893	тоглолт
894	харамсах
895	нээлттэй
896	далайн аялал
897	инженерчлэл
898	эсэргүүцэл
899	хүчтэй сэтгэл
