0	засаглал, улс төр
1	хэлэлцэх, зөвлөлдөх
2	ард түмэн
3	холбох, дагуулах
4	эсрэг, харьцуулах
5	хэсэг, алба
6	таарах, нийцэх
7	хот, зах
8	дотор
9	харилцан, хамтын
10	тогтоох, шийдэх
11	удаа (тоолуур)
12	сонгох
13	будаа, америк
14	бодит, үнэн
15	холбоо, холбоотой
16	шийдэх, тогтоох
17	бүх, бүрэн
18	гадаргуу, хүснэгт
19	дайн, тулаан
20	сутра, уртраг
21	хамгийн их
22	одоо, байгаа
23	уянга, аяс
24	хувирах, хэлбэрт орох
25	онооны цэг, зөв
26	амлах, ойролцоо
27	хүзүү, дуу шүлгийн тоолуур
28	хууль, арга
29	хүйс, мөн чанар
30	зорилт, зорилгын
31	хэрэгтэй, гол цэг
32	систем, хууль
33	засаглах, амгалан
34	даалгавар, үүрэг
35	болох, хувирах
36	үе, хугацаа
37	авах, татах
38	нийслэл, их хот
39	зохицол, японы хэв маяг
40	машин, механизм
41	тэгш, тэгш байдал
42	нэмэх, нэмэлт
43	хүлээн авах
44	үргэлжлүүлэх, цуврал
45	урагшлах
46	тоо, хүч
47	бичих, тэмдэглэх
48	анхны, эхлэл
49	хуруу, заах
50	эрх мэдэл
51	салбар, дэмжлэг
52	бүтээгдэхүүн, төрөх
53	цэг, гол
54	тайлан, мэдээ
55	дуусгах, төлөх
56	идэвхтэй, амьдрал
57	талбай, эх
58	хамт, хоёулаа
59	олох, авах
60	тайлах, тайлбар
61	солилцох, хамт
62	хөрөнгө, нөөц
63	урьдчилан
64	чиглэх, харсан
65	үе, талд
66	ялалт, ялах
67	нүүр, маск
68	мэдэгдэх, хэлэх
69	эсрэг
70	дүгнэлт, гарын үсэг
71	мэдэх, хүлээн зөвшөөрөх
72	оролцох, гурав
73	ашиг, давуу тал
74	бүлэг, даавуун
75	итгэл, үнэн
76	оршин байх, захын
77	хэрэг, асуудал
78	тал, хажуу
79	хариуцлага, үүрэг
80	татах, таталт
81	хүсэх, шаардах
82	газар, хэмжээ
83	дараалал, дараагийн
84	өчигдөр, өмнөх
85	маргаан, найруулга
86	албан тушаалтан, төр
87	нэмэгдүүлэх
88	алба, холбоо
89	мэдрэмж
90	сэтгэл, мэдрэмж
91	шидэх, хаях
92	харуулах, заах
93	өөрчлөлт, ер бусын
94	цохих
95	шууд, чин сэтгэл
96	хоёулаа, хуучин мөнгө
97	хэлбэр, ёс үйл
98	баталгаа, бат
99	үр, шагнал
100	агуулах, хэлбэр
101	заавал, мэдээж
102	жүжиглэх, үйл
103	нас, жилийн эцэс
104	маргах, маргаан
105	ярилцах, яриа
106	чадвар, авьяас
107	зэрэг, байр
108	байрлал, тавих
109	урсгал
110	статус, зэрэг
111	эргэлзэх, эргэлзээ
112	давах, хэт
113	алба, хороо
114	суллах, чөлөөлөх
115	ердийн, ерөнхий
116	байдал, нөхцөл
117	бөмбөлөг
118	ажил, ажил эрхлэлт
119	олгох, оролцох
120	хүргэх, өгөх
121	боломжтой
122	үүрэг, дайн
123	байгуулах, бүтэц
124	харьцангуй, хувь
125	бие, хүн
126	зардал, өртөг
127	наах, хавсаргах
128	шалтгаан, учир
129	онол, санаа
130	хэцүү, боломжгүй
131	сайн, илүү
132	нөхөр, эрэгтэй
133	орлого, олох
134	татгалзах, тасдах
135	чулуу
136	ялгаа, ялгарах
137	унтраах
138	бурхан, сүнс
139	дугаар, цуврал
140	стандарт, хэмжүүр
141	урлаг, арга
142	бэлтгэх, хангалт
143	байшин, гэр
144	хор хохирол
145	хуваарилах, эхнэр нөхөр
146	анхааруулах
147	хүмүүжүүлэх, өсөх
148	суудал, хонхор
149	айлчлах
150	унах, хүч
151	үлдэгдэл
152	бодол, санаа
153	дуу, хоолой
154	бодол, мэдрэмж
155	туслах, аврах
156	хөдөлмөр, баярлах
157	жишээ, заншил
158	ийм юм, тийм
159	хязгаар, хязгаарлах
160	хөөх, агших
161	худалдаа, арилжаа
162	навч, онгоц
163	дамжуулах
164	ажиллах, (нутгийн)
165	хэлбэр, дүр
166	үзэмж, харагдац
167	унах, буух
168	сайн, таалагдах
169	ухрах, татах
170	толгой, том амьтны тоолуур
171	ялагдах, сөрөг
172	гатлах, гарц
173	алдах, алдаа
174	ялгаа, зөрүү
175	төгсгөл, хаах
176	хамгаалах
177	залуу, хэрэв
178	төрөл, зүйл
179	гоо сайхан
180	тушаал, амь
181	аз, адислал
182	хүсэл, бүтэн сар
183	үгүй, буруу
184	ажиглах, харах
185	таамаглах, ажиглах
186	шат, алхам
187	хажуу, зүгээр
188	гүн, гүнзгийрүүлэх
189	мэдээлэх, сарны мэн
190	ноён, арга
191	хөрөнгө, мөнгө
192	боомт
193	мэдэх, таних
194	дуудах, хашгирах
195	хүрэх, амжилт
196	сайн, таалагдах
197	цаг агаар, улирал
198	хэмжээ, зэрэг
199	дүүрэн, дүүрэлт
