0	өдөр, нар, Япон
1	нэг
2	улс, орон
3	хүн
4	жил
5	том
6	арван
7	хоёр
8	ном, суурь
9	дунд, дотор
10	урт, дарга
11	гарах
12	гурав
13	цаг
14	явах
15	харах
16	сар
17	хуваах, минут
18	дараа, ар
19	өмнө
20	амьдрах, төрөх
21	тав
22	завсар, хооронд
23	дээд
24	зүүн
25	дөрөв
26	одоо
27	алт, мөнгө
28	ес
29	орох
30	сурах, шинжлэх ухаан
31	өндөр, үнэтэй
32	дугуй, иен
33	хүүхэд
34	гадна
35	найм
36	зургаа
37	доод
38	ирэх
39	сэтгэл, агаар
40	жижиг
41	долоо
42	уул
43	яриа
44	эмэгтэй
45	хойд
46	үд
47	зуун
48	бичих
49	өмнө, урьд
50	нэр
51	гол
52	мянга
53	ус
54	хагас
55	эрэгтэй
56	баруун
57	цахилгаан
58	үгүй, хоосон
59	сургууль
60	хэл, үг
61	шороо, газар
62	мод
63	сонсох
64	идэх, хоол
65	машин, тэрэг
66	юу
67	өмнөд
68	арван мянга
69	бүр, болгон
70	цагаан
71	тэнгэр
72	ээж
73	гал
74	баруун
75	унших
76	найз
77	зүүн
78	амрах
79	аав
80	бороо
81	урт, өндөр
82	хэн
83	наах
