200	ялагдах, бүтэлгүйтэх
201	үнэ, утга
202	хатгах, гарч ирэх
203	гэрэл, гэрэлт
204	зам, маршрут
205	хэлтэс, хичээл
206	нэмэгдэх, үржвэр
207	бусад, өөр
208	зохицуулах, удирдах
209	бүдүүн, зузаан
210	зочин, үйлчлүүлэгч
211	үгүйсгэх, үгүй
212	мэргэжилтэн, багш
213	авирах, өгсөх
214	амархан, бэлэн
215	хурдан, түргэн
216	оршин байх, таамаглах
217	нисэх, хуудас алгасах
218	алах, аллага
219	дугаар, нэр
220	ганц, нэг
221	суух, суудал
222	эвдэх, урах
223	хасах, хуваах
224	бүрэн, дуусгах
225	бууж ирэх, буух
226	буруутгах
227	барих, баривчлах
228	аюултай, айдас
229	цалин, хөлс
230	зовлон, туршлага
231	угтах, уулзах
232	цэцэрлэг, хүрээлэн
233	хэрэгсэл, багаж
234	огцрох, үг
235	шалтгаан, хүчин зүйл
236	морь
237	хайр, хайрлах
238	баялаг, баяжуулах
239	тэр, тэд
240	хараахан, үгүй
241	бүжиглэх, нисэх
242	нас барсан
243	хүйтэн, хүйтнээр
244	тохиромжтой
245	эмэгтэй, эхнэр
246	ойртох, зогсох
247	дүүрсэн, холилдсон
248	нүүр, царай
249	төрөл, ангилал
250	илүү, би
251	хаан, захирах
252	буцах, хариулах
253	эхнэр, хань
254	өндөр, биеийн өндөр
255	халуун, температур
256	байр, түр байр
257	эм, химийн бодис
258	хэцүү, хүрэхгүй газар
259	итгэх, хүсэх
260	санах, сурах
261	хөлөг онгоц, завь
262	зам, арга
263	зөвшөөрөх
264	гаргах, салгах
265	тохиромж, байгууламж
266	саатах, бэхлэх
267	гэм, нүгэл
268	хичээл зүтгэл
269	сайжирсан, сүнс
270	тараах, тараагдах
271	чимээгүй
272	гэрлэлт
273	баясах, таашаах
274	хөвөх, хөөвөр
275	тасдах, таслах
276	азтай, адислал
277	дарах, зогсоох
278	унах, эвдрэх
279	гэх мэт
280	өтөлсөн, хөгшрөлт
281	муруй, хөгжим
282	төлөх, цэвэрлэх
283	хашаа, цэцэрлэг
284	явган, дагалдагч
285	ажил, хичээл зүтгэл
286	удаан, хожимдох
287	оршин суух, байх
288	төрөл бүрийн
289	урих, дуудах
290	бэрхшээл, ядрах
291	дутагдал, зөрүү
292	оройтох, шөнийн цагт
293	сийлэх, хайчлах
294	магтах, сайшаах
295	тэврэх
296	гэмт хэрэг
297	айх, аймшиг
298	амьсгал
299	хол
300	буцах, дахин
301	хүсэлт, хүсэх
302	зураг
303	давах, гарах
304	хүсэл, шунал
305	өвдөлт, гэмтэх
306	инээх
307	харилцан
308	боодол
309	төстэй, адилхан
310	мөр, эгнээ
311	хайх, судлах
312	зугтах
313	тоглох
314	төөрөх, эргэлзэх
315	мөрөөдөл
316	та, эрхэм
317	хаах, хаалттай
318	утас, эхлэл
319	нугалах, хугарах
320	ургамал, өвс
321	бүрэнхий, орой
322	архи, сакэ
323	гуниглах, гашуун
324	цэлмэх
325	өлгөх, зүүх
326	хүрэх, очих
327	унтах
328	харанхуй
329	хулгай хийх
330	сорох, амьсгалах
331	нар, сөрөг хүч
332	хүндэтгэлтэй угтвар
333	шүд, араа
334	мартах
335	цас
336	үлээх, салхи
337	охин
338	буруу, алдах
339	угаах, судлах
340	талбай, тариалангийн талбай
341	дасах, дасгал
342	мэндчилэх, мэндлэх
343	цонх
344	урьд, эрт дээр үед
345	ядуу, ядуурал
346	уурлах, гомдох
347	сэлэх
348	өвөг, анхдагч
349	аяга, дарсны аяга
350	ядрах, ядралт
351	бүх, бүгд
352	дуудах, чимээ
353	хэвлий, гэдэс
354	утаа
355	нойрмоглох, үхэх
356	аймшигтай, айх
357	чих
358	толгойн дээр, хүлээн авах
359	хайрцаг, сандал
360	орой, шөнө
361	хүйтэн
362	үс
363	завгүй, эрэлхэг
364	авьяас, нас
365	гоо, гоёх
366	гутал
367	ичгүүр, нэр хүнд
368	санамсаргүй, тэгш тоо
369	агуу, гоо
370	хавирга, суудал
371	муур
372	хэдэн, хэд
373	гэдэс, хажуу
374	тогоо, сав
375	ханцуй, далавч
376	орчим, үе
377	оньсого
378	ойртох
379	эм, хоол
380	өвдөг
381	итгэх, үнэн
382	ойртох
383	харамсах, хамаатан
384	бага зэрэг
385	живэх, шуналтай
386	сагс, анхаарах
