540	хувцас
541	хоёр
542	гахайн мах
543	хоёр хүн
544	хоёр өдөр, сарын хоёр
545	бүдүүн, тарган
546	өвөл
547	орох (бороо, цас)
548	хуучин
549	ванн
550	өгүүлбэр, бичвэр
551	хуудас
552	муу, чадваргүй
553	ор
554	гэрийн тэжээвэр амьтан
555	өрөө
556	ойр, орчим
557	үзэг
558	сурах, судлах
559	тохиромжтой, хялбар
560	малгай
561	шариковый үзэг
562	бусад
563	халаас
564	хүсэх, авахыг хүсэх
565	шуудангийн хайрцаг
566	нимгэн, нарийн
567	товч
568	зочид буудал
569	ном
570	номын тавиур
571	үнэн, жинхэнэ
572	өдөр бүр өглөө
573	сар бүр
574	долоо хоног бүр
575	өдөр бүр
576	жил бүр
577	орой бүр
578	өмнө
579	эргэх, мушгих
580	амтгүй, муу
581	дахин, мөн
582	одоохондоо, хараахан
583	хот, тосгон
584	хүлээх
585	шулуун, шууд
586	шүдэнз
587	цонх
588	дугуй
589	арван мянга
590	перо, цохиур үзэг
591	угаах, гялалзуулах
592	баруун
593	богино
594	ус
595	дэлгүүр
596	харуулах
597	зам
598	гурван өдөр, сарын гурав
599	гурав
600	ногоон
601	та бүгд
602	өмнө, урд
603	чих
604	харах, үзэх
605	бүгд
606	зургаан өдөр
607	тэнд, цаана
608	хэцүү
609	зургаа
610	тосгон
611	нүд
612	метр
613	нүдний шил
614	аль хэдийн, дахин
615	дахин нэг удаа
616	пүрэв гараг
617	барих, зөөх
618	илүү их
619	зүйл, эд
620	хаалга
621	асуудал, даалгавар
622	хүнсний ногооны дэлгүүр
623	ногоо
624	хялбар
625	хямд
626	амралт, чөлөө
627	амрах, завсарлах
628	найм
629	уул
630	хийх, өгөх
631	орой (үдээс хойш)
632	оройн хоол
633	шуудангийн газар
634	өчигдөр шөнө
635	алдартай
636	цас
637	удаан, тайван
638	найман өдөр
639	европ хувцас
640	ихэвчлэн, сайн
641	хажуу, хөндлөн
642	дөрвөн өдөр
643	дөрөв
644	дуудах, урих
645	унших
646	-аас илүү (харьцуулах)
647	шөнө, орой
648	сул
649	дараа сар
650	дараа долоо хоног
651	дараа жил
652	радио
653	радио кассет
654	сайхан, нэр хүндтэй
655	гадаад оюутан
656	эцэг эх
657	хоол хийх, хоол
658	аялал
659	тэг
660	хөргөгч
661	хөгжмийн пластинк
662	ресторан
663	дадлага хийх
664	коридор
665	зургаа
666	цамц (албаны)
667	залуу
668	ойлгох
669	мартах
670	би (хүндэтгэлтэй)
671	өгөх, шилжүүлэх
672	гарах, гатлах
673	муу
674	сарын эхний өдөр
675	-
676	өнөөдөр (албан)
677	Япон
678	нэг улс, бүх улс
679	үдэш нар мандах
680	нэг жил
681	нэг (урт зүйлийн тоолуур)
682	-
683	тухайн улсын хүн
684	нар сар, цаг хугацаа
685	хэсэг хугацаа
686	дараа өдөр
687	эх орон
688	бүх улс даяар
689	өмнөх өдөр
690	Хятад
691	бүлэг, баг
692	төрсөн өдөр
693	нэг харцаар
694	жил бүрийн хурал
695	сард нэг удаа
696	өдрийн хугацаа
697	ерөнхийлөгч, дарга
698	тааралдалт, учрал
699	хүмүүс
700	агуу хүн
701	нэг удаа буудах
702	нийгэмд, олны дунд
703	гурван хүн
704	арван жил
705	тогтсон өдөр
706	олон жилийн турш
707	гурван жил
708	нэг тал, нөгөө талаар
709	-
710	-
711	их, маш
712	-
713	нэг удаа
714	нэг хүний хэмжээ (хоол)
715	дотоодын
716	Япон-Америк
717	гишүүн
718	арван хоёр
719	хорин
