210	сургуулийн захирал
211	тээвэр, замын хөдөлгөөн
212	танхим, их танхим
213	ахлах сургууль
214	төрийн албан хаагч
215	олон улсын
216	сэтгэл, зүрх
217	нөхөр (хүндэтгэлтэй)
218	эвдрэл, гэмтэл
219	мэддэг, танил
220	хариу, хариулт
221	баяр, сайхан хоол
222	зүйл, асуудал
223	жижиг шувуу
224	саяхан, нэг өдөр
225	сүүлийн үед
226	нарийн, жижиг
227	хог
228	хүн ихтэй болох
229	хүнсний будаа (хуурай)
230	харах (хүндэтгэлтэй)
231	одооноос хойш
232	аймшигтай
233	эвдэх
234	эвдрэх
235	концерт
236	одоо, дараагийн удаа
237	компьютер
238	өнөө орой
239	сүүлийн үед, саяхан
240	сүүлчийн, төгсгөл
241	эхний
242	налуу, толгод
243	хайх
244	буурах, доош бууж
245	эрч хүчтэй, хөгжилтэй
246	доош буулгах, өлгөх
247	өгөх (даруухан)
248	саяхан
249	уйтгартай, ганцаардсан
250	гурван сарын дараа
251	хоёр долоо хоногийн дараа
252	салат
253	чимээ шуугиан хийх
254	хүрэх
255	аж үйлдвэр
256	сандал (сандал, гутал)
257	сэндвич
258	харамсалтай
259	хот
260	үсэг
261	тэмцээн, харилцаа
262	арга, арга зам
263	загнах
264	шалгалт
265	осол
266	газар хөдлөлт
267	эрин үе
268	дотуур хувцас
269	бэлтгэх
270	хатуу, найдвартай
271	бүтэлгүйтэл
272	толь
273	бараа, бүтээгдэхүүн
274	хэсэг хугацаа
275	арал
276	иргэн
277	оффис
278	нийгэм
279	компанийн дарга
280	саад, гөлөх
281	жем
282	эрх чөлөө
283	заншил, ёс заншил
284	хаяг
285	дзюдо
286	хангалттай
287	оролцох
288	хөдлөх, явах
289	хоббі, сонирхол
290	бэлтгэх
291	танилцуулга
292	бага сургууль
293	роман, зохиол
294	урих
295	зөвшөөрөх
296	ирээдүй
297	хоол идэх
298	хүнсний бараа
299	эмэгтэй
300	мэдэгдэх
301	судлах, шалгах
302	хүн ам
303	шинто сүм
304	эелдэг, энэрэнгүй
305	санаа зовох
306	сониноы компани
307	усанд сэлэлт
308	ус хангамж
309	маш их
310	математик
311	костюм
312	чемодан
313	хэтрэх
314	хоослогдох
315	дэлгэц
316	гайхалтай
317	урагшлах
318	бүрэн
319	гэнэт, шулуун
320	стейк
321	хаях
322	стерео
323	элс
324	гайхамшигтай
325	гулгах
326	булан, буланд
327	дуусах
328	халаасны хулгайч
329	тэгээд
330	амьдрал
331	үйлдвэрлэх
332	улс төр
333	барууны орнууд
334	ертөнц
335	суудал
336	тайлбар
337	нуруу
338	заавал, гарцаагүй
339	халамжлах
340	шугам
341	огт биш
342	дайн
343	ахмад
344	тийм
345	зөвлөлдөх
346	өсгөх
347	төгсөлт
348	өвөө
349	зөөлөн
350	эмээ
351	тийм учраас
352	түүнээс гадна
353	тэр хэмжээгээр
354	удахгүй
355	тийм, ийм
356	тийм их
357	эмнэлгээс гарах
358	их сургуулийн оюутан
359	чухал
360	ерөнхийдөө
361	ихэвчлэн
362	төрөл, хэв маяг
363	их хэмжээгээр
364	тайфун
365	унах, сүйрэх
366	тийм учраас
367	тодорхой
368	нэмэх
369	асуух
370	зочлох
371	зөв
372	татами
373	барих
374	босгох
375	жишээлбэл
376	тавиур
377	баяр баясгалан
378	таашаах, зугаалах
379	заримдаа
380	учир, зорилгоор
381	муу, боломжгүй
382	хангалттай
383	эрэгтэй
384	халаалт
385	цус
386	шалгах
387	хүч, эрч
388	огт (сөрөг үгтэй)
389	-тай, -жан (эмэгтэй хүнд)
390	анхаарал
391	дунд сургууль
392	тариа
393	машины зогсоол
394	газарзүй
395	барих, баривчлах
396	сар
397	наалдах
398	дарах, дарс хийх
399	боломж, нөхцөл
400	дамжуулах
401	үргэлжлэх
402	үргэлжлүүлэх
403	боож ороох
404	хайр (даруухан)
405	санаа, зорилго
406	загасчлах
407	дагуулах
408	эелдэг
409	текст, сурах бичиг
410	тохиромжтой
411	бүх боломжоороо
412	туслах
413	теннис
414	бээлий
415	сүм
416	цэг
417	дэлгүүрийн ажилтан
418	цаг агаарын таамаглал
419	цахилгаан гэрэл
