0	хайр
1	мэндчилгээ
2	хайр, халамж
3	дохио, билэг
4	зайрмаг
5	хайрлах
6	хамтрагч, харилцагч
7	харамсалтай нь
8	цахилгаан үрэгч
9	гарах, гадуур
10	гэрлийн туяа, гэрэл
11	сул зай, чөлөөт цаг
12	тодорхой, илэрхий
13	орхих, гар бөгсөө хавчих
14	залхах, уйдах
15	гар барих
16	чөтгөр, дээрэмчин
17	үүр цайх, дуусах
18	хадгалуулах, даатгах
19	хөлс
20	өгөх, бэлэглэх
21	орчим, ойр
22	оноох, цохих
23	энд тэнд
24	аа! (гайхсан дуу)
25	зохицуулах, харьцах
26	цуглаан, бөөгнөрөл
27	цохих, наах
28	мөр, ул
29	нүх, хонхор
30	тос, газрын тос
31	алдаа, буруу
32	бүдүүлэг, дутагдал
33	шуурга
34	шинэ, цоо
35	бүх, бүгд
36	илэрхийлэх, харуулах
37	илэрхийлэх, төлөөлөх
38	илрэл, гадаад дүр
39	гарч ирэх, харагдах
40	тодорхой, зарим
41	эсвэл, магадгүй
42	цомог
43	бөмбөлөг, хөөс
44	нэгтгэх, таарах
45	өрөвдмөөр, зовлон
46	төлөвлөгөө, ноорог
47	цээжлэх, санах
48	тогтвортой байдал
49	тийм их
50	тийм ч их биш
51	ходоод
52	хороо, гишүүн
53	үгүй (энгийн)
54	гайхалтай, гэнэтийн
55	явж буй
56	амьсгал, аялга
57	хүч, эрч
58	амьтан, амьд биет
59	болохгүй, буруу
60	зорилго, санаа
61	бодол, зорилго
62	эмч
63	хадгалалт, арчилгаа
64	ухамсар, мэдрэл
65	ер бусын, хэвийн бус
66	булаг, рашаан
67	аль нэг нь
68	урьд, өмнө
69	банз, хавтан
70	агуу, их
71	тэвэрч авах
72	шоолж, хошигнох
73	өвдөлт, зовуурь
74	хүрэх, очих
75	зах, үзэсгэлэн
76	байр, байдал
77	нэг удаа, түр
78	нэг дор, зэрэг
79	зах зээл
80	нэг айл
81	хэзээ нэгэн цагт
82	нэг төрөл
83	нэг мөч
84	амьдрал, бүтэн нас
85	улам ч, илүү
86	яаж, яагаад (асуултанд)
87	таарах, нийцэх
88	хэзээ ч, үргэлж
89	ерөнхий
90	нөгөө талаар
91	үүрд мөнхөд
92	шилжих, хөдөлгөөн
93	нагац ах (эрэгтэй)
94	будаа (ургамал)
95	дэмий нойрмоглох
96	амь, зарлиг
97	зөрчил, хууль зөрчих
98	хувцас, даашинз
99	зочны өрөө
100	одоо, удахгүй
101	хэдхэн минутын дараа
102	үгүй
103	-аас хойш
104	хүсэлт, даалгавар
105	бухимдах, тэвчээргүй
106	тавтай морил
107	эмнэлгийн үйлчилгээ
108	хад чулуу
109	баяр ёслол
110	баярлах, тэмдэглэх
111	хэлэхэд, бараг
112	ярьдаг, тэр бүр нэрлэдэг
113	бэх
114	хэвлэл
115	сэтгэгдэл
116	тэтгэвэртээ гарах
117	иш татах
118	виски
119	шүлс зайлах
120	хүлээн авах
121	хөдөлгөх
122	туулай
123	үхэр
124	алдах
125	эргэлзэх
126	орчлон ертөнц
127	буудах, бут цохих
128	шилжүүлэх
129	гомдоллох, өршөөл гуйх
130	ёолох
131	булаах
132	морь, шатрын морь
133	төрөлт, төрсөн газар
134	умэ (Япон алимны мод)
135	урвах
136	зарагдах
137	дээд, дээр
138	цуу яриа
139	аз, азтай
140	бариул, зүтгүүр
141	мөнх бус
142	мөнх
143	нөлөө, нөлөөлөл
144	худалдаа, бизнес
145	дагуул
146	тэжээллэг байдал
147	инээмсэглэл
148	зурах
149	тэжээл
150	эрчим хүч
151	олох, хүлээн авах
152	дугуй, юань
153	хойшлуулах
154	жүжиглэлт
155	тусламж
156	хөдөлгүүр
157	илтгэл
158	тоглолт
159	хүндэтгэлтэй угтвар
160	хөгшрөлт, хөгшин хүн
161	гүйж хүрэх
162	хаан
163	хөөх
164	хаан
165	хунтайж
166	хариулах
167	хөндлөн гарах
168	дуусгах
169	маш их
170	бүрхэх
171	пальто
172	газрын эзэн
173	толгод
174	далай
175	дотор, гүн
176	илгээх
177	болох, тохиох
178	бага нас, бяцхан
179	олж авах
180	ярвайлдах
181	бохирдол
182	магадгүй
183	айх
184	аймшигтай
185	бие биедээ
186	тайван, зөөлөн
187	эрэгтэй хүн
188	доогуур байх
189	оньс
190	бүс
191	үдийн хоол
192	оффис
193	живэх, донтох
194	чи (бага зэрэг доромжилсон)
195	баяр хүргэе
196	уулзах (өндөр зэрэгтэй хүнтэй)
197	дурсамж
198	голчлон
199	санамсаргүй
200	сэлэлт
201	ойролцоогоор
202	нөлөөлөх
203	байх (амьд)
204	буулгах
205	талархал, өршөөл
206	дуу, аялгуу
207	дулаан
208	температур
209	зөвшөөрөгдөх
210	бүлэг, хичээл
211	машин
212	карт
213	уулзалт
214	удаа
215	хор, гэмтэл
216	гишүүн
217	зураг
218	гадаад
219	нягтлан бодох бүртгэл
220	шийдэл
221	уулзалт
222	дипломат
223	эхлэл
224	тайлбар
225	гадуур гарах
226	сайжруулах
227	тухтай
228	эдгэрэлт, сэргэлт
229	өсгөх
230	солих
231	солих
232	үнэр
233	зураач
234	тэврэх
235	үнэ
236	хими
237	гэрэлтэх
238	алба, хариуцлага
239	өвчлөх
240	хязгаарлах
241	тавилга
242	эрдэм
243	хүрээ (зургийн)
244	бэлэн байдал
245	найдвартай, баталгаатай
246	эрдэмтэн
247	сурах
248	нуух
249	томруулах
250	баталгаажуулалт
251	эрдэм
252	нуугдах
253	сүүдэр
254	сүүдэр, дүр
255	дутах
256	тохируулга
257	өнгөрсөн
258	сагс
259	хүрээлэх
260	гал түймэр
261	амттан
262	зээл
263	гэрийн ажил
264	ухаалаг
265	дуучин
266	тоо
267	олох, ажиллах
268	тоолох
269	загвар
270	мөр
271	хатуу
272	хүмүүс (хүндэтгэлтэй)
273	сэлмэн
274	ярих, өгүүлэх
275	үнэ цэнэ
276	ялалт
277	урам хугарах
278	эрч хүч
279	улирал (сургуулийн)
