420	телеграм
421	үзэсгэлэн
422	нийслэл, хот
423	хэрэгсэл, арга
424	эцэст нь
425	амьтны хүрээлэн
426	алслагдсан
427	дайрах, өнгөрөх
428	онцгойлон
429	онцгой
430	үсчин
431	замдаа, дунд
432	хурдан явах галт тэрэг
433	хүргэх
434	хонох, байх
435	зогсоох
436	солих
437	хулгайч
438	ээлжлэн, улам бүр
439	засах, засварлах
440	эдгэрэх
441	засагдах
442	маш их, харин ч
443	уйлах
444	нас барах
445	алга болох, алдагдах
446	шидэх
447	хийх (хүндэтгэлтэй)
448	дуугарах
449	аль болох
450	за ойлголоо
451	дасах
452	үнэр
453	гашуун
454	хоёр давхар
455	зугтах
456	өдрийн тэмдэглэл
457	эмнэлэгт хэвтэх
458	сургуульд элсэх
459	адилхан байх
460	хүүхэлдэй
461	хулгайлах
462	будах, суваглах
463	норох
464	үнэ
465	халуурал, халуун
466	хичээл зүтгэл
467	хоцрох, унтаж хоцрох
468	нойрмог
469	унтах
470	үлдэх
471	хоолой
472	солих (автобус, галт тэрэг)
473	тээврийн хэрэгсэл
474	навч
475	тохиолдол, байдал
476	цагийн ажил
477	хоёр дахин
478	харах (даруухан)
479	шүдний эмч
480	зөөх
481	эхлэх
482	байршил, газар
483	байх ёстой
484	ичмээр
485	хувийн компьютер
486	дуудлага
487	тодорхой
488	нангин цэцэг үзэх
489	ой, токой
490	төлөх
491	нэвтрүүлэг
492	эсрэг
493	гар цүнх
494	гал
495	өдөр, нар
496	төгөлдөр хуур
497	хөрөх
498	гэрэл
499	гялалзах
500	шүүгээний чирэгдэх
501	мөнгө авах
502	сахал
503	нисэх буудал
504	удаан хугацааны дараа
505	урлагийн музей
506	маш их
507	гайхах
508	нүүх
509	хэрэгтэй
510	муухай, аймшигтай
511	нээх
512	барилга, билл
513	өдрийн цагаар
514	үдийн завсарлага
515	олох, түүх
516	факс
517	нэмэгдэх
518	гүн
519	төвөгтэй
520	давтлага
521	хэлтсийн дарга
522	ихэвчлэн, энгийн
523	усан үзэм
524	тарган болох
525	футон, дэвсгэр
526	хөлөг онгоц
527	хүндрэлтэй
528	гишгэх
529	бороо орж эхлэх
530	бэлэг
531	соёл
532	уран зохиол
533	дүрэм зүй
534	өөр
535	хонх
536	хачин
537	хариу
538	худалдаа
539	нэвтрүүлэх
540	хууль
541	би (эрэгтэй)
542	од
543	хэмжээ
544	ихэнх
545	магтах
546	орчуулга
547	очих, ирэх (даруухан)
548	ялагдах
549	ажилсаг, нухацтай
550	юуны өмнө
551	эсвэл
552	алдах, буруу хийх
553	цагтаа хүрэх
554	орчин, эргэн тойрон
555	эргэх
556	комик
557	дунд
558	харагдах
559	нуур
560	мисо
561	олдох
562	олох
563	бүгд
564	боомт
565	хандах, чиглэх
566	угтах
567	урьд
568	шавьж
569	хүү (даруухан)
570	охин (даруухан)
571	боломжгүй
572	идэх (хүндэтгэлтэй)
573	ховор
574	хэлэх (даруухан)
575	хэлэх (даруухан)
576	удахгүй
577	хэрэв
578	мэдээж
579	бүр ч
580	буцах
581	хөвөн
582	авах
583	ой
584	жигнэх, шарах
585	амлалт
586	хэрэгтэй байх
587	шатах, жигнэгдэх
588	эелдэг
589	жингээ алдах
590	эцэст нь
591	мөн, гэхдээ
592	зогсох
593	зөөлөн
594	халуун ус
595	экспорт хийх
596	импорт хийх
597	хуруу
598	бөгж
599	мөрөөдөл
600	хөдлөх, сэгсрэгдэх
601	хэрэглээ
602	бэлтгэл
603	хэрэг, ажил
604	бохирдох
605	хичээлд бэлдэх
606	төлөвлөгөө
607	захиалга
608	дайрах, очих
609	баяртай байх
610	за, сайн
611	шалтгаан
612	ашиглалт
613	хоёр тал
614	япон зочид буудал
615	эзгүй байдал
616	агаар сэрүүлэгч
617	түүх
618	касс
619	тайлан
620	холбоо барих
621	текст боловсруулагч
622	буцалгах
623	салах
624	буцалгах
625	утга, шалтгаан
626	мартсан эд
627	инээх
628	харьцаа
629	хагарах
