1200	ургац хураах, оруулах
1201	цуцлах
1202	гаргах
1203	сонгох, авах (хэмжилт)
1204	барих, агнах
1205	дадлага, бэлтгэл
1206	аяга бүхий будаа
1207	дотрын эмнэлэг
1208	дотуур утас
1209	найлон
1210	эдгээх, засах
1211	урт
1212	эвлэрэх
1213	удаан үргэлжлэх
1214	агуулга, дотор
1215	агуулга, дотор
1216	дунд хуруу
1217	дотно нөхөр
1218	тайвшруулах
1219	алдах (гэр бүлийн гишүүн)
1220	цохих
1221	хийх, гүйцэтгэх
1222	таавар
1223	дуртай, санагдмаар
1224	илбэх, үрэх
1225	налуу, диагональ
1226	ямартай ч
1227	тийм тийм
1228	ямар ч, ямар нэгэн
1229	хөөрхий, бардам
1230	модны эгнээ
1231	дуурайх
1232	дуугаргах
1233	үр тарих
1234	дасах
1235	өмнөд туйл
1236	ямар нэгэн байдлаар
1237	огт, маш
1238	дугаар
1239	Өмнөд Америк
1240	өмнө хойд
1241	буцалгах
1242	үнэртэх
1243	сулласан, чөлөөлөх
1244	үзэн ядмаар
1245	үзэн ядах
1246	үзэн ядмаар
1247	инээмсэглэн
1248	бохирдох
1249	солонго
1250	огноо, цаг
1251	өдрийн хэрэглээ
1252	өдөр тутмын хичээл
1253	хөтөлбөр
1254	уйтгартай, мохоо
1255	компанид орох
1256	эхнэр
1257	ширвэх, харах
1258	буцалгах
1259	гэнэтийн
1260	оёх
1261	норгох
1262	шуруу
1263	мушгих
1264	зүүлт
1265	халаах
1266	унтах хувцас
1267	унтах хувцас
1268	зорилго, санаа
1269	зорилго
1270	жил, санхүүгийн жил
1271	хөдөө аж ахуйн бүтээгдэхүүн
1272	хөдөөгийн тосгон
1273	төвлөрөл
1274	хөдөө аж ахуйн химийн
1275	үр ашиг
1276	хөрөө
1277	бүгд
1278	тавих, ачих
1279	цэцрэх, харах
1280	сунгах
1281	сунах
1282	дээшээ явах галт тэрэг
1283	өгсөх
1284	цавуу
1285	солих (галт тэрэг)
1286	хэвлэгдэх
1287	удаан
1288	тайван, тайвширсан
1289	саарал
1290	хайку
1291	дэлгүүр
1292	баай
1293	худалдаа
1294	мөлхөх
1295	ургах
1296	хуулах, сэрээх
1297	утгагүй
1298	жин
1299	хэмжих
1300	хэмжих
1301	дотор муухайрах
1302	цэвэрхэн
1303	шүүрдэх
1304	араа
1305	гүйлгэх
1306	хавчигдах
1307	хавчих
1308	шат, шатаар
1309	эхлээд
1310	эхэнд
1311	налуу
1312	салах, гадагш
1313	загвар, хэв
1314	дотуур хувцас
1315	үнэхээр
1316	таваг
1317	илрүүлэх
1318	бэк
1319	буудах
1320	санаа
1321	цахилгаан үйлдвэрлэх
1322	борлуулалт
1323	гоёмсог
1324	ярилцлага
1325	ярих
1326	ярианы дунд
1327	маш их
1328	цэнхэр
1329	сүйт
1330	салах
1331	пүрш
1332	үсрэх
1333	хэсэг, үлдэгдэл
1334	шүд угаах
1335	залгах
1336	яриа түргэн
1337	өсөх, цэцэглэх
1338	хадгаламж хийх
1339	буцаах
1340	тэнцвэр
1341	утас
1342	ихэд шуналтай
1343	тусгах
1344	радиус
1345	тамга
1346	ура
1347	шүүгч
1348	цэцэрлэг
1349	байрны дугаар
1350	өмд
1351	хамтлаг
1352	хойгт
1353	руль
1354	нарлаг
1355	нэг өдрийн аялал
1356	харьцангуй
1357	сүүдэр
1358	гялалзах
1359	хариуцах
1360	буцах
1361	хасалт
1362	зогсоох
1363	хорон муу, сул
1364	тэнцсэн
1365	нарны туяа
1366	үе мөч
1367	пистолет
1368	витамин
1369	яг, тэгш
1370	баригдах
1371	тэмдэглэл
1372	эргүүлэх
1373	эргэх
1374	нүүх
1375	хойш татах
1376	зохиолч
1377	хэрэгцээт зүйл
1378	сайн тайлах
1379	ерөнхийдөө
1380	явган хүн
1381	түр зуур
1382	нүд
1383	нэг амралт
1384	өөртэйгөө ярих
1385	өөрөө
1386	найлон
1387	дохио, эгдүүтэй
1388	өдөр бүр
1389	эргүүлэх
1390	нар жаргах
1391	нар мандах
1392	цуурай
1393	цуурайтах
1394	арьс
1395	хөргөх
1396	нэвтэрхий толь
1397	гоо сайхан
1398	ном нүүр
1399	тэмдэг
1400	стандарт
1401	жишиг
1402	шүүмж
1403	хирагана
1404	барилга
1405	үдийн нойр
1406	тэлэх
1407	өргөн
1408	талбай
1409	өргөн уудам
1410	тэлэх
1411	ягаан
1412	захидлын цаас
1413	шилэнд хийх
1414	зип
1415	бөмбөлөг
1416	азгүйтэл
1417	нэмэгдэх
1418	гүнзгийрэх
1419	дүрэмгүй
1420	тархалт
1421	ойр орчим
1422	арчих
1423	дайвар үг
1424	хуулбар
1425	олон тоо
1426	оруулах
1427	тэлэх
1428	томрох
1429	бохир
1430	орой болох
1431	тэмдэг
1432	хос
1433	бөглөх
1434	бөглөх
1435	хөөрөх
1436	мэдэгдэлгүй
1437	самурай
1438	радикал
1439	шилэн хаалт
1440	хавсаргасан
1441	таг
1442	тасалдал
1443	мөргөлдөх
1444	цохих
1445	аюултай
1446	бувтнах
1447	усан тээвэр
1448	эд анги
1449	цасан шуурга
1450	эцэг эх
1451	төмөр замын гарц
1452	ёрт
1453	нэмэх
1454	хайруулын таваг
1455	блуз
1456	өлгөх
1457	сойз
1458	пластик
1459	платформ
1460	чөлөөт
1461	тайлбар үсэг
1462	хэвлэх
1463	гүйцэтгэх
1464	ханавч
1465	программ
1466	бөөлжих алчуур
1467	зөөлөн
1468	галт уулын дэлбэрэлт
1469	задлах
1470	уран зохиол
1471	эх сурвалж
1472	усан оргилуур
1473	бутархай
1474	бичих хэв маяг
1475	тархалт
1476	бичиг хэрэг
1477	контекст
1478	хэмжээ
1479	ангилал
1480	хаалт
1481	тайван
1482	зэрэгцэн
1483	ажлын өдөр
1484	цэрэг
1485	энгийн
1486	тал нутаг
1487	хотойх
1488	хэвлий
1489	тусгаарлах
1490	хот суурь
1491	тус тусдаа
1492	мэргэжилтэн
1493	нисдэг тэрэг
1494	засах, редакци
1495	бие засах
1496	бүтэн дөрвөлжин
1497	дуран
1498	чиглэл
1499	өнгөрөөх
