1500	аман ярианы
1501	лам
1502	урьдчилан сэргийлэх
1503	бодлого, арга зам
1504	боодол
1505	хууль, дүрэм
1506	боолт
1507	асар их
1508	гал тогооны хутга
1509	тэгшитгэл
1510	гэмт хэрэгтэй тэмцэх
1511	чиглэл, салбар
1512	хүү
1513	орхих
1514	бонус
1515	баяр баясгалан
1516	малын фермийн
1517	мал аж ахуй
1518	эрүүл мэндийн боловсрол
1519	элсэлт
1520	нарлаж хатаах
1521	постер
1522	хойд туйл
1523	хүү (өөрийн)
1524	тайлах
1525	цөөрөм
1526	ухах
1527	сийлэх
1528	ноорхой
1529	Буддын наадам
1530	сав газар
1531	төв байгууллага
1532	жинхэнэ, эхлээд
1533	тэгэлгүй, дунд
1534	хуудасны тоо
1535	бүр, тэр бүр
1536	хасах
1537	ороох
1538	цацах
1539	үр тарих
1540	дэр
1541	мушгих
1542	будилах
1543	үрэлт
1544	холилдох
1545	холилдох
1546	холилдох
1547	холилдох
1548	маск
1549	холих
1550	холих
1551	дамжих
1552	хүлээх өрөө
1553	хүлээх
1554	гудамжны булан
1555	харанхуй
1556	хар
1557	цэнхэр
1558	хамгийн түрүүнд
1559	цагаан
1560	залбирах
1561	касс
1562	нэгдэх
1563	нэгтгэх
1564	дуурайх
1565	нүд гялбаа
1566	зовхи
1567	ороолт
1568	удахгүй
1569	марафон
1570	дугуй
1571	ховор
1572	тойруу зам
1573	дүүрсэн
1574	орон сууц
1575	дээд оноо
1576	үдэх
1577	дээрээс харах
1578	харагдах байдал
1579	шинэ сар
1580	хошуу
1581	золиослогдсон
1582	оёдлын машин
1583	дэлгүүр
1584	гарчиг
1585	зам
1586	ичмээр
1587	дахин харах
1588	дасах
1589	муухай
1590	жимс уралдах
1591	байр суурь
1592	дээж
1593	асуух
1594	хүртэл
1595	овог
1596	миллиметр
1597	үзэх (эмнэлгийн)
1598	иргэний
1599	ардын дуу
1600	хусах
1601	хязгааргүй
1602	нэг өнгийн
1603	халуун хөөрч
1604	зөрчил
1605	уураар халаах
1606	олон тооны
1607	ягаан
1608	бүлэг
1609	зээ охин
1610	шедевр
1611	хуудас карт
1612	нэр үг
1613	сайхан газар
1614	ташаа ойлголт
1615	тушаах
1616	алдартай зүйл
1617	бүр тус тусаа
1618	дээд
1619	хэмжигч
1620	азтай
1621	эргэх
1622	зорилгоо
1623	сэрүүлэг
1624	доод
1625	тэмдэг
1626	мэдэгдэх
1627	будлиантай
1628	мэдэгдэхүйц
1629	баяртай
1630	цэс
1631	толгой эргэх
1632	зорилт
1633	татвар чөлөөлөлт
1634	талбай
1635	ярилцлага
1636	залхуутай
1637	ашиг олох
1638	олох
1639	уучлашгүй
1640	мотор
1641	мод
1642	агуулга
1643	живэх
1644	магадгүй
1645	магадгүй
1646	налах
1647	орчин үеийн
1648	моти (гурилан хоол)
1649	хэтэрхий, харамсалтай
1650	загвар
1651	анхнаасаа
1652	агуулах өрөө
1653	өгүүлэх
1654	захирагч
1655	сүртэй
1656	моноральс
1657	дарах
1658	шатаах
1659	арга хэмжээ
1660	хийх
1661	яриа хэлэлцүүлэг
1662	чанга, хатуу
1663	шөнөдөө
1664	данх
1665	жүжигчин
1666	төрийн байгууллага
1667	орчуулах
1668	төрийн алба
1669	эм бодис
1670	үүрэг
1671	түлэлт
1672	шөнийн явалт
1673	сум
1674	санаандгүй
1675	эмийн сан
1676	ялах
1677	мөн ч
1678	газар эзэн
1679	урагдуулах
1680	урагдах
1681	аргагүй
1682	зөөлөн
1683	зугаалгын парк
1684	үдээс хойш
1685	найрамдал
1686	шуудан
1687	үдшийн бороо
1688	орой нар
1689	тайван
1690	төлбөртэй
1691	юката
1692	уур
1693	цус сэлгэлт
1694	тээвэр
1695	болгоомжгүй
1696	буцалгах
1697	аяга
1698	сул
1699	лав
1700	сав
1701	нэр томьёо
1702	гол санаа
1703	нялх хүүхэд
1704	багтаамж
1705	хүүхэд шиг
1706	цэцэрлэг
1707	хэрэглээ
1708	дэлгүүр
1709	тэжээллэг бодис
1710	ноос
1711	эцэст нь
1712	заавар
1713	шунахай
1714	илүү
1715	илгээх
1716	бохирдуулах
1717	цуглуулах
1718	өөр газар
1719	дөрвөн булан
1720	архичин
1721	бэлэн
1722	дуудах
1723	дуудах
1724	амилах
1725	хамаарах
1726	Японд ирэх
1727	сургуулиас хасагдах
1728	оргил цаг
1729	мөр
1730	үдийн хоол
1731	гүйлт
1732	хүчирхийлэлтэй
1733	байгалийн ухаан
1734	ашиг сонирхол
1735	хэмнэл
1736	литр
1737	тайлан
1738	тууз
1739	товчлох
1740	сав газар
1741	дотуур байр
1742	хоёр талд
1743	загасчин
1744	консул
1745	хүлээн авалт
1746	түр зуурын
1747	харуул хамгаалалт
1748	дүрэм
1749	тэг оноо
1750	хөлдөөх
1751	борооны хувцас
1752	амралт
1753	амралт
1754	арлын бүс
1755	түвшин
1756	тоо
1757	холбоо
1758	линз
1759	лаа
1760	ромаж
1761	бичлэг
1762	шкаф
1763	лобби
1764	маргах
1765	япон-англи
1766	салаалах
1767	залуу
1768	буцалгах
1769	уучлах
1770	япон хувцас
1771	харьцангуй
1772	хуваах
1773	харьцангуй
1774	хямдрал
1775	аяга
1776	аяга
1777	нэг хэсэг хувцас
